"License Number","Status Changed From/To","Type| Dup","Original Issue Date","Expir. Date","Primary Owner and Premises Addr.","Mailing Addr.","Transfer-From/To","Conditions","Escrow","District Code","Geo Code","Prem Street","City","County","Zip Code","Mailing Street","Mailing City","Mailing Zip Code","Mailing State"
"204260","ACTIVE CANCEL","41 | 0","08/04/1987","10/31/2023","CHANG, PAT                         715 JACKSON ST,                         FAIRFIELD, CA  94533","","","","","22","4803","715 JACKSON ST","FAIRFIELD","48","94533","","","",""
"220457","ACTIVE CANCEL","41 | 0","12/14/1988","12/31/2023","DBA: CHUCK E CHEESES 95                        CEC ENTERTAINMENT INC                         5250 PHILADELPHIA ST, STE G, H, K & L,                         CHINO, CA  91710-2483","1707 MARKET PLACE BLVD, STE 200                              C/O LICENSING DEPT , IRVING, TX  75063-8049","","7","","7","3602","5250 PHILADELPHIA ST, STE G, H, K & L","CHINO","36","91710","1707 MARKET PLACE BLVD, STE 200","IRVING","75063","TX"
"325791","ACTIVE SUREND","21 | 0","03/28/1997","06/30/2024","DBA: RITE AID STORE 5469                        THRIFTY PAYLESS, INC.                         31797 HWY 79 SOUTH,                         TEMECULA, CA  92592","560 MISSION ST STE 1900, C/O HOLLAND & KNIGHT                              ATTN: JBROWN RCANTER, SAN FRANCISCO, CA  94105","21-105204","7","","7","3322","31797 HWY 79 SOUTH","TEMECULA","33","92592","560 MISSION ST STE 1900, C/O HOLLAND & KNIGHT","SAN FRANCISCO","94105","CA"
"326886","ACTIVE CANCEL","20 | 0","02/05/1997","01/31/2024","DBA: WING FUNG TONG                        DUONG, DUC                         523 BROADWAY,                         SACRAMENTO, CA  95818-2001","","20-213379/ 20-648617","7","","23","3405","523 BROADWAY","SACRAMENTO","34","95818","","","",""
"349892","ACTIVE SUREND","21 | 0","03/31/1999","06/30/2024","DBA: RITE AID 6293                        THRIFTY PAYLESS, INC.                         1605 S SAN JACINTO AVE,                         SAN JACINTO, CA  92583","560 MISSION ST STE 1900, C/O HOLLAND & KNIGHT                              ATTN: JBROWN RCANTER, SAN FRANCISCO, CA  94105","21-276035","7","","7","3313","1605 S SAN JACINTO AVE","SAN JACINTO","33","92583","560 MISSION ST STE 1900, C/O HOLLAND & KNIGHT","SAN FRANCISCO","94105","CA"
"352142","ACTIVE CANCEL","47 | 0","06/10/1999","05/31/2024","DBA: MORGAN RUN RESORT & CLUB                        CLUBCORP GOLF OF CALIFORNIA LLC                         5690 CANCHA DE GOLF,                         RANCHO SANTA FE, CA  92091","3030 LBJ FWY, STE 600                              DALLAS, TX  75234-7744","47-341525/ 47-649788","","","9","3700","5690 CANCHA DE GOLF","RANCHO SANTA FE","37","92091","3030 LBJ FWY, STE 600","DALLAS","75234","TX"
"352142","ACTIVE CANCEL","47 | 0","06/10/1999","05/31/2024","DBA: MORGAN RUN RESORT & CLUB                        CLUBCORP GOLF OF CALIFORNIA LLC                         5690 CANCHA DE GOLF,                         RANCHO SANTA FE, CA  92091","3030 LBJ FWY, STE 600                              DALLAS, TX  75234-7744","47-341525/ 47-649788","","","9","3700","5690 CANCHA DE GOLF","RANCHO SANTA FE","37","92091","3030 LBJ FWY, STE 600","DALLAS","75234","TX"
"386132","CANCEL ACTIVE","47 | 1","09/03/2002","08/31/2024","DBA: RUTHS CHRIS STEAK HOUSE                        RCSH OPERATIONS INC                         6100 TOPANGA CANYON BLVD, STE 1360,                         WOODLAND HILLS, CA  91367","1030 W CANTON AVE, STE 100                              WINTER PARK, FL  32789","47-330305/ 47-640450","","","5","1933","6100 TOPANGA CANYON BLVD, STE 1360","WOODLAND HILLS","19","91367","1030 W CANTON AVE, STE 100","WINTER PARK","32789","FL"
"386132","CANCEL ACTIVE","58 | 1","09/03/2002","08/31/2024","DBA: RUTHS CHRIS STEAK HOUSE                        RCSH OPERATIONS INC                         6100 TOPANGA CANYON BLVD, STE 1360,                         WOODLAND HILLS, CA  91367","1030 W CANTON AVE, STE 100                              WINTER PARK, FL  32789","47-330305/ 47-640450","","","5","1933","6100 TOPANGA CANYON BLVD, STE 1360","WOODLAND HILLS","19","91367","1030 W CANTON AVE, STE 100","WINTER PARK","32789","FL"
"415524","ACTIVE CANCEL","21 | 0","08/17/2004","07/31/2024","DBA: CAMBRIA GENERAL STORE                        GUTIERREZ, CHRISTOPHER LUIS                         850 MAIN ST,                         CAMBRIA, CA  93428","","21-306668/ 21-649315","","","13","4000","850 MAIN ST","CAMBRIA","40","93428","","","",""
"423657","ACTIVE CANCEL","41 | 0","04/08/2005","03/31/2024","DBA: CHUCK E CHEESES #370                        CEC ENTERTAINMENT INC                         803 DANENBERG DR,                         EL CENTRO, CA  92243-5806","1707 MARKET PLACE BLVD, STE 200                              C/O LICENSING DEPT , IRVING, TX  75063-8049","","","","8","1304","803 DANENBERG DR","EL CENTRO","13","92243","1707 MARKET PLACE BLVD, STE 200","IRVING","75063","TX"
"427974","SUREND CANCEL","48 | 0","08/25/2005","07/31/2024","DBA: SPITFIRE ROSE                        VILLALOBOS, FRANCISCO JAVIER                         1790 SAN JOSE AVE,                         SAN FRANCISCO, CA  94112","811 TREAT AVE, APT # 3                              SAN FRANCISCO, CA  94110-2734","48-403376/ 48-644296","","","24","3800","1790 SAN JOSE AVE","SAN FRANCISCO","38","94112","811 TREAT AVE, APT # 3","SAN FRANCISCO","94110","CA"
"429455","ACTIVE CANCEL","48 | 0","09/19/2005","08/31/2024","DBA: BOTTOMS UP CLUB                        HUEN, MANDY MUNFAN                         27935 MANON AVE,                         HAYWARD, CA  94544","","48-323302/ 48-649702","7","","22","0106","27935 MANON AVE","HAYWARD","01","94544","","","",""
"446042","ACTIVE SUREND","21 | 0","02/24/2009","06/30/2024","DBA: RITE AID 5722                        THRIFTY PAYLESS, INC.                         42021 E FLORIDA AVE,                         HEMET, CA  92544-5016","560 MISSION ST STE 1900, C/O HOLLAND & KNIGHT                              ATTN: JBROWN RCANTER, SAN FRANCISCO, CA  94105","","5,7","","7","3308","42021 E FLORIDA AVE","HEMET","33","92544","560 MISSION ST STE 1900, C/O HOLLAND & KNIGHT","SAN FRANCISCO","94105","CA"
"461155","ACTIVE SUREND","21 | 0","01/22/2008","06/30/2024","DBA: RITE AID 6465                        THRIFTY PAYLESS, INC.                         4455 MANCHESTER AVE,                         ENCINITAS, CA  92024","560 MISSION ST STE 1900, C/O HOLLAND & KNIGHT                              ATTN: JBROWN RCANTER, SAN FRANCISCO, CA  94105","21-102947","","","9","3718","4455 MANCHESTER AVE","ENCINITAS","37","92024","560 MISSION ST STE 1900, C/O HOLLAND & KNIGHT","SAN FRANCISCO","94105","CA"
"503571","ACTIVE CANCEL","47 | 1","04/27/2011","03/31/2024","DBA: HIGH PARK TAP HOUSE                        SOLANA INVESTMENTS INC                         23641 VIA LINDA,                         MISSION VIEJO, CA  92691-2807","23581 VIA AGUILA                              TRABUCO CANYON, CA  92679-4132","","5","","11","3027","23641 VIA LINDA","MISSION VIEJO","30","92691","23581 VIA AGUILA","TRABUCO CANYON","92679","CA"
"503571","ACTIVE CANCEL","58 | 1","04/27/2011","03/31/2024","DBA: HIGH PARK TAP HOUSE                        SOLANA INVESTMENTS INC                         23641 VIA LINDA,                         MISSION VIEJO, CA  92691-2807","23581 VIA AGUILA                              TRABUCO CANYON, CA  92679-4132","","5","","11","3027","23641 VIA LINDA","MISSION VIEJO","30","92691","23581 VIA AGUILA","TRABUCO CANYON","92679","CA"
"542653","ACTIVE CANCEL","21 | 0","08/11/2014","06/30/2024","DBA: QUIK STOP MARKET #59                        QUIK STOP MARKETS INC                         3401 MIDDLEFIELD RD,                         MENLO PARK, CA  94025-3022","165 FLANDERS RD                              WESTBOROUGH, MA  01581","21-541353/ 21-647501","7","DEBORAH A ABERNATHY 400 CAPITOL MALL STE 3000 SACRAMENTO, CA  95814-4407","25","4107","3401 MIDDLEFIELD RD","MENLO PARK","41","94025","165 FLANDERS RD","WESTBOROUGH","01581","MA"
"543200","REVPEN ACTIVE","17 | 0","06/13/2014","05/31/2024","DBA: CBC BEVCO                        CBC BEVCO                         1275 COMMERCE BLVD,                         AMERICAN CANYON, CA  94503-9611","600 N 100 E                               CEDAR CITY, UT  84721-3807","","","","27","2805","1275 COMMERCE BLVD","AMERICAN CANYON","28","94503","600 N 100 E","CEDAR CITY","84721","UT"
"543200","REVPEN ACTIVE","17 | 0","06/13/2014","05/31/2024","DBA: CBC BEVCO                        CBC BEVCO                         1275 COMMERCE BLVD,                         AMERICAN CANYON, CA  94503-9611","600 N 100 E                               CEDAR CITY, UT  84721-3807","","","","27","2805","1275 COMMERCE BLVD","AMERICAN CANYON","28","94503","600 N 100 E","CEDAR CITY","84721","UT"
"544446","PEND ACTIVE","07 | 0","09/18/2023","08/31/2024","DBA: WELLINGTON CELLARS                        VJB LLC                         11600 DUNBAR RD,                         GLEN ELLEN, CA  95442-9210","60 SHAW AVE                              KENWOOD, CA  95452-8036","","","","27","4900","11600 DUNBAR RD","GLEN ELLEN","49","95442","60 SHAW AVE","KENWOOD","95452","CA"
"556484","ACTIVE CANCEL","41 | 0","09/29/2015","08/31/2024","DBA: EL BURRITO LOCO                        CARRASCO, VICTOR                         3030 E PALMDALE BLVD, UNIT A & B,                         PALMDALE, CA  93550-5020","","","","","5","1974","3030 E PALMDALE BLVD, UNIT A & B","PALMDALE","19","93550","","","",""
"559118","ACTIVE CANCEL","42 | 0","02/22/2016","01/31/2024","DBA: BEACHCOMBER TAVERN                        BEACHCOMBER ENTERPRISES LLC                         206 OCEAN DR,                         OXNARD, CA  93035-4634","2101 NAPOLI DR                              OXNARD, CA  93035","42-468469/ 42-650196","7","ALISO ESCROW INC 4522 MARKET ST VENTURA, CA  93003","12","5600","206 OCEAN DR","OXNARD","56","93035","2101 NAPOLI DR","OXNARD","93035","CA"
"569351","ACTIVE SUREND","21 | 0","09/01/2016","06/30/2024","DBA: RITE AID #6756                        THRIFTY PAYLESS, INC.                         707 N PACIFIC AVE,                         GLENDALE, CA  91203-1025","560 MISSION ST STE 1900, C/O HOLLAND & KNIGHT                              ATTN: JBROWN RCANTER, SAN FRANCISCO, CA  94105","21-325428","","","5","1921","707 N PACIFIC AVE","GLENDALE","19","91203","560 MISSION ST STE 1900, C/O HOLLAND & KNIGHT","SAN FRANCISCO","94105","CA"
"570904","ACTIVE CANCEL","20 | 0","11/28/2016","10/31/2023","DBA: LA ESQUINA MARKET                        ATTIYAH, JEHAD                         458 N VIRGINIA AVE,                         AZUSA, CA  91702-3338","","20-478931/ 20-650219","7","PALOMARES ESCROW INC 1425 W FOOTHILL BLVD STE 230 UPLAND, CA  91786","2","1904","458 N VIRGINIA AVE","AZUSA","19","91702","","","",""
"574029","ACTIVE CANCEL","47 | 0","03/07/2017","02/29/2024","DBA: HANNAS GOURMET                        TESFAMICHAEL, HANNA                         2864 ADAMS AVE,                         SAN DIEGO, CA  92116-1407","","","5,7","","10","3710","2864 ADAMS AVE","SAN DIEGO","37","92116","","","",""
"578873","ACTIVE CANCEL","47 | 0","07/14/2017","06/30/2024","DBA: MARIACHIS                        SARABIA, DAVID SAMUEL                         2669 GEER RD,                         TURLOCK, CA  95382-1100","1950 SAGEBRUSH WAY                              STOCKTON, CA  95209","47-432523/ 47-650391","7","","29","5007","2669 GEER RD","TURLOCK","50","95382","1950 SAGEBRUSH WAY","STOCKTON","95209","CA"
"579846","REVPEN ACTIVE","42 | 0","06/28/2017","05/31/2024","EQUALITY WINES LLC                         16215 MAIN ST, UNIT #4,                         GUERNEVILLE, CA  95446-8300","700 W HARBOR DR, UNIT 1206                              SAN DIEGO, CA  92101-7756","","","","27","4900","16215 MAIN ST, UNIT #4","GUERNEVILLE","49","95446","700 W HARBOR DR, UNIT 1206","SAN DIEGO","92101","CA"
"579846","REVPEN ACTIVE","42 | 0","06/28/2017","05/31/2024","EQUALITY WINES LLC                         16215 MAIN ST, UNIT #4,                         GUERNEVILLE, CA  95446-8300","700 W HARBOR DR, UNIT 1206                              SAN DIEGO, CA  92101-7756","","","","27","4900","16215 MAIN ST, UNIT #4","GUERNEVILLE","49","95446","700 W HARBOR DR, UNIT 1206","SAN DIEGO","92101","CA"
"584726","ACTIVE CANCEL","41 | 0","05/02/2018","04/30/2024","DBA: BRIO CAFE                        COLLINS, DINA                         2404 E MAIN ST,                         VENTURA, CA  93003-2604","","","7","","12","5606","2404 E MAIN ST","VENTURA","56","93003","","","",""
"590995","ACTIVE CANCEL","47 | 0","07/27/2022","06/30/2024","DBA: XANADU CAFE                        R&R REFAEI, LLC                         100 W COAST HWY, UNIT 104,                         NEWPORT BEACH, CA  92663-5603","","47-115072/ 47-647600","","COMMERCE ESCROW 1055 WILSHIRE BLVD #1000 LOS ANGELES, CA  90017","11","3013","100 W COAST HWY, UNIT 104","NEWPORT BEACH","30","92663","","","",""
"592570","ACTIVE CANCEL","20 | 0","05/07/2018","03/31/2024","DBA: UNICO GAS STATION                        LEE, SOL YOUNG                          4072 VERDUGO RD,                         LOS ANGELES, CA  90065-3727","","20-293070/ 20-650016","","","4","1933","4072 VERDUGO RD","LOS ANGELES","19","90065","","","",""
"592591","ACTIVE CANCEL","41 | 0","07/05/2018","06/30/2024","DBA: POINT SAN PABLO HARBOR                        POINT SAN PABLO, INC.                         1900 STENMARK DR,                         RICHMOND, CA  94801","PO BOX 70098                              RICHMOND, CA  94807","","7","","22","0709","1900 STENMARK DR","RICHMOND","07","94801","PO BOX 70098","RICHMOND","94807","CA"
"596187","ACTIVE CANCEL","18 | 1","04/12/2019","03/31/2024","DBA: TERRANOVA SPIRITS                         TERRANOVA SPIRITS LLC                         2221 ROOSEVELT AVE,                         BERKELEY, CA  94703-1721","2125 KINCAID WAY                              SACRAMENTO, CA  95825","","7","","22","0103","2221 ROOSEVELT AVE","BERKELEY","01","94703","2125 KINCAID WAY","SACRAMENTO","95825","CA"
"596187","ACTIVE CANCEL","12 | 1","04/12/2019","03/31/2024","DBA: TERRANOVA SPIRITS                         TERRANOVA SPIRITS LLC                         2221 ROOSEVELT AVE,                         BERKELEY, CA  94703-1721","2125 KINCAID WAY                              SACRAMENTO, CA  95825","","7","","22","0103","2221 ROOSEVELT AVE","BERKELEY","01","94703","2125 KINCAID WAY","SACRAMENTO","95825","CA"
"600314","ACTIVE CANCEL","02 | 1","04/15/2019","06/30/2024","DBA: SCOUT & CELLAR                        WINE RETRIEVER LLC                         5 FITCH ST, UNIT B,                         HEALDSBURG, CA  95448-4435","4531 SIMONTON RD                              FARMERS BRANCH, TX  75244","","7","","27","4902","5 FITCH ST, UNIT B","HEALDSBURG","49","95448","4531 SIMONTON RD","FARMERS BRANCH","75244","TX"
"600314","ACTIVE CANCEL","09 | 1","04/15/2019","06/30/2024","DBA: SCOUT & CELLAR                        WINE RETRIEVER LLC                         5 FITCH ST, UNIT B,                         HEALDSBURG, CA  95448-4435","4531 SIMONTON RD                              FARMERS BRANCH, TX  75244","","7","","27","4902","5 FITCH ST, UNIT B","HEALDSBURG","49","95448","4531 SIMONTON RD","FARMERS BRANCH","75244","TX"
"600569","SUREND CANCEL","75 | 0","03/04/2019","02/29/2024","DBA: RICKYS EASTBOUND                        CENZOING CORPORATION                         5755 MOUNTAIN HAWK DR,                         SANTA ROSA, CA  95409-4449","5926 YERBA BUENA                              SANTA ROSA, CA  95409-3951","","7","","27","4904","5755 MOUNTAIN HAWK DR","SANTA ROSA","49","95409","5926 YERBA BUENA","SANTA ROSA","95409","CA"
"601203","ACTIVE CANCEL","18 | 1","04/12/2019","03/31/2024","DBA: TERRANOVA SPIRITS LLC                        TERRANOVA SPIRITS LLC                         2455 HUNTINGTON DR,                         FAIRFIELD, CA  94533-9734","2221 ROOSEVELT AVE                              BERKELEY, CA  94703-1721","","","","22","4803","2455 HUNTINGTON DR","FAIRFIELD","48","94533","2221 ROOSEVELT AVE","BERKELEY","94703","CA"
"601203","ACTIVE CANCEL","12 | 1","04/12/2019","03/31/2024","DBA: TERRANOVA SPIRITS LLC                        TERRANOVA SPIRITS LLC                         2455 HUNTINGTON DR,                         FAIRFIELD, CA  94533-9734","2221 ROOSEVELT AVE                              BERKELEY, CA  94703-1721","","","","22","4803","2455 HUNTINGTON DR","FAIRFIELD","48","94533","2221 ROOSEVELT AVE","BERKELEY","94703","CA"
"601856","PEND ACTIVE","90 | 0","09/15/2023","08/31/2024","DBA: SARDINE THE                        RECESS OPS LLC                         1101 S PACIFIC AVE,                         LOS ANGELES, CA  90731","","","7","","3","1933","1101 S PACIFIC AVE","LOS ANGELES","19","90731","","","",""
"607218","PEND ACTIVE","23 | 0","09/18/2023","06/30/2024","DBA: RINCON MOUNTAIN WINERY INC                        RINCON MOUNTAIN WINERY INC                         4187 CARPINTERIA AVE, STE 1 - 2,                         CARPINTERIA, CA  93013-3300","6500 CASITAS PASS RD                              VENTURA, CA  93001","","","","12","4205","4187 CARPINTERIA AVE, STE 1 - 2","CARPINTERIA","42","93013","6500 CASITAS PASS RD","VENTURA","93001","CA"
"607369","REVPEN ACTIVE","84 | 0","06/26/2019","05/31/2024","DBA: OCEAN VIEW BREW WORKS @ CASTRO VALLEY FARMER'S MARKET CFM                        DAVIDSON, SCOTT JULIAN                         BART PARKING LOT REDWOOD RD &, NORBRIDGE AVE,                         CASTRO VALLEY, CA  94546","627 SAN PABLO AVE                              ALBANY, CA  94706-1128","","","","22","0100","BART PARKING LOT REDWOOD RD &, NORBRIDGE AVE","CASTRO VALLEY","01","94546","627 SAN PABLO AVE","ALBANY","94706","CA"
"607369","REVPEN ACTIVE","84 | 0","06/26/2019","05/31/2024","DBA: OCEAN VIEW BREW WORKS @ CASTRO VALLEY FARMER'S MARKET CFM                        DAVIDSON, SCOTT JULIAN                         BART PARKING LOT REDWOOD RD &, NORBRIDGE AVE,                         CASTRO VALLEY, CA  94546","627 SAN PABLO AVE                              ALBANY, CA  94706-1128","","","","22","0100","BART PARKING LOT REDWOOD RD &, NORBRIDGE AVE","CASTRO VALLEY","01","94546","627 SAN PABLO AVE","ALBANY","94706","CA"
"611441","ACTIVE CANCEL","02 | 0","11/15/2019","06/30/2024","DBA: ALTBIER OPERATIONS LLC                        ALTBIER OPERATIONS LLC                         4001 HIGHWAY 128,                         GEYSERVILLE, CA  95441-9492","4531 SIMONTON RD                              FARMERS BRANCH, TX  75244","","","","27","4900","4001 HIGHWAY 128","GEYSERVILLE","49","95441","4531 SIMONTON RD","FARMERS BRANCH","75244","TX"
"611738","WTHDRN ACTIVE","12 | 1","","","DBA: AV BEVERAGE GROUP                        ESSER WINES LLC                         1275 COMMERCE BLVD,                         AMERICAN CANYON, CA  94503-9611","PO BOX 1124                              WINDSOR, CA  95492-1124","","","","27","2805","1275 COMMERCE BLVD","AMERICAN CANYON","28","94503","PO BOX 1124","WINDSOR","95492","CA"
"611738","WTHDRN ACTIVE","12 | 1","","","DBA: AV BEVERAGE GROUP                        ESSER WINES LLC                         1275 COMMERCE BLVD,                         AMERICAN CANYON, CA  94503-9611","PO BOX 1124                              WINDSOR, CA  95492-1124","","","","27","2805","1275 COMMERCE BLVD","AMERICAN CANYON","28","94503","PO BOX 1124","WINDSOR","95492","CA"
"611738","WTHDRN ACTIVE","18 | 1","","","DBA: AV BEVERAGE GROUP                        ESSER WINES LLC                         1275 COMMERCE BLVD,                         AMERICAN CANYON, CA  94503-9611","PO BOX 1124                              WINDSOR, CA  95492-1124","","","","27","2805","1275 COMMERCE BLVD","AMERICAN CANYON","28","94503","PO BOX 1124","WINDSOR","95492","CA"
"611738","WTHDRN ACTIVE","18 | 1","","","DBA: AV BEVERAGE GROUP                        ESSER WINES LLC                         1275 COMMERCE BLVD,                         AMERICAN CANYON, CA  94503-9611","PO BOX 1124                              WINDSOR, CA  95492-1124","","","","27","2805","1275 COMMERCE BLVD","AMERICAN CANYON","28","94503","PO BOX 1124","WINDSOR","95492","CA"
"611762","ACTIVE CANCEL","41 | 0","12/18/2019","11/30/2023","DBA: DISTRICT SEVEN KITCHEN                        KIREINA CORPORATION                         979 STORY RD, STE 7048,                         SAN JOSE, CA  95122-4617","1701 MAGNOLIA TREE CT                              SAN JOSE, CA  95122","41-598426/ 41-649884","","BUSINESS & ESCROW SERVICE CENTER","25","4313","979 STORY RD, STE 7048","SAN JOSE","43","95122","1701 MAGNOLIA TREE CT","SAN JOSE","95122","CA"
"613920","ACTIVE CANCEL","41 | 1","03/05/2020","09/30/2023","DBA: ROOTS                        PERRY, DEBBIE                         1107 KERN ST, STE 4,                         TAFT, CA  93268","901 ARROYO WAY                              TAFT, CA  93268","41-569508/ 41-646888","7","FIDELITY NATIONAL TITLE COMPANY 8525 MADISON AVE # 110 FAIR OAKS, CA  95628-3854","6","1506","1107 KERN ST, STE 4","TAFT","15","93268","901 ARROYO WAY","TAFT","93268","CA"
"613920","ACTIVE CANCEL","58 | 1","03/05/2020","09/30/2023","DBA: ROOTS                        PERRY, DEBBIE                         1107 KERN ST, STE 4,                         TAFT, CA  93268","901 ARROYO WAY                              TAFT, CA  93268","41-569508/ 41-646888","7","FIDELITY NATIONAL TITLE COMPANY 8525 MADISON AVE # 110 FAIR OAKS, CA  95628-3854","6","1506","1107 KERN ST, STE 4","TAFT","15","93268","901 ARROYO WAY","TAFT","93268","CA"
"614717","PEND ACTIVE","20 | 0","09/18/2023","06/30/2024","DBA: 7 ELEVEN                        7 ELEVEN INC                         16171 BEACH BLVD,                         HUNTINGTON BEACH, CA  92647-3701","PO BOX 139044, ATTN: LICENSING DEPARTMENT                              DALLAS, TX  75313-9044","","","","11","3010","16171 BEACH BLVD","HUNTINGTON BEACH","30","92647","PO BOX 139044, ATTN: LICENSING DEPARTMENT","DALLAS","75313","TX"
"617995","WTHDRN ACTIVE","47 | 0","","","DBA: GENESIS BISTRO                        NIXON B 2016 INC.                         8028 N CEDAR AVE,                         FRESNO, CA  93720-1817","","","7","","21","1005","8028 N CEDAR AVE","FRESNO","10","93720","","","",""
"617995","WTHDRN ACTIVE","47 | 0","","","DBA: GENESIS BISTRO                        NIXON B 2016 INC.                         8028 N CEDAR AVE,                         FRESNO, CA  93720-1817","","","7","","21","1005","8028 N CEDAR AVE","FRESNO","10","93720","","","",""
"618739","ACTIVE SUREND","40 | 0","11/30/2020","10/31/2024","DBA: JAMES RESTAURANT                        LINARES, BLANCA GABRIELA                         739 TRUMAN ST,                         SAN FERNANDO, CA  91340-3314","","40-16256","","FIDELITY NATIONAL TITLE COMPANY, ALISO ESCROW 4522 MARKET ST VENTURA, CA  93003","5","1949","739 TRUMAN ST","SAN FERNANDO","19","91340","","","",""
"620192","ACTIVE CANCEL","47 | 0","06/11/2021","05/31/2024","DBA: FIG TREE CAFE                        FIG TREE LIBERTY INC                         695 6TH AVE,                         SAN DIEGO, CA  92101-7011","3180 UNIVERSITY AVE, STE 615                              SAN DIEGO, CA  92104","47-580102/ 47-649723","2,7","FEDERAL ESC ROW INC 23734 VALENCIA BLVD STE 100A VALENCIA, CA  91355","10","3710","695 6TH AVE","SAN DIEGO","37","92101","3180 UNIVERSITY AVE, STE 615","SAN DIEGO","92104","CA"
"627629","PEND ACTIVE","41 | 0","09/18/2023","01/31/2024","DBA: VINHOS WINE LOUNGE & TAPAS                        VINHOS LLC                          427 W MAIN ST  ,                         MERCED, CA  95340","1691 FIRST STREET                               ATWATER, CA  95301","42-627629","7","","29","2406","427 W MAIN ST","MERCED","24","95340","1691 FIRST STREET","ATWATER","95301","CA"
"634786","PEND ACTIVE","41 | 0","09/18/2023","08/31/2024","DBA: BUONASERA NEW YORK PIZZERIA                        DEL MAR GRUB CORP                         2212 CARMEL VALLEY RD, STE 1,                         SAN DIEGO, CA  92014-3704","2212 CARMEL VALLEY RD STE 1                              DEL MAR, CA  92014-3704","","7","","9","3710","2212 CARMEL VALLEY RD, STE 1","SAN DIEGO","37","92014","2212 CARMEL VALLEY RD STE 1","DEL MAR","92014","CA"
"635621","ACTIVE CANCEL","42 | 2","04/20/2022","03/31/2024","DBA: WATERS EDGE WINERY OF LONG BEACH                         SHORELINE CELLARS INC                         194 MARINA DR , STE 101,                         LONG BEACH, CA  90803-4654","217 PINE AVE                              LONG BEACH, CA  90802-3043","42-598265/ 42-643398","7","ALL BROKERS ESCROW INC 2924 W MAGNOLIA BLVD BURBANK, CA  91505","3","1932","194 MARINA DR , STE 101","LONG BEACH","19","90803","217 PINE AVE","LONG BEACH","90802","CA"
"635621","ACTIVE CANCEL","77 | 2","04/20/2022","03/31/2024","DBA: WATERS EDGE WINERY OF LONG BEACH                         SHORELINE CELLARS INC                         194 MARINA DR , STE 101,                         LONG BEACH, CA  90803-4654","217 PINE AVE                              LONG BEACH, CA  90802-3043","42-598265/ 42-643398","7","ALL BROKERS ESCROW INC 2924 W MAGNOLIA BLVD BURBANK, CA  91505","3","1932","194 MARINA DR , STE 101","LONG BEACH","19","90803","217 PINE AVE","LONG BEACH","90802","CA"
"635621","ACTIVE CANCEL","58 | 2","04/20/2022","03/31/2024","DBA: WATERS EDGE WINERY OF LONG BEACH                         SHORELINE CELLARS INC                         194 MARINA DR , STE 101,                         LONG BEACH, CA  90803-4654","217 PINE AVE                              LONG BEACH, CA  90802-3043","42-598265/ 42-643398","7","ALL BROKERS ESCROW INC 2924 W MAGNOLIA BLVD BURBANK, CA  91505","3","1932","194 MARINA DR , STE 101","LONG BEACH","19","90803","217 PINE AVE","LONG BEACH","90802","CA"
"636160","PEND ACTIVE","42 | 0","09/15/2023","08/31/2024","DBA: OMO MERCADO                        OMO MERCADO LLC                         259B E ARROW HWY,                         UPLAND, CA  91786","","","","CALIFORNIA BUSINESS ESCROW INC 1748 MAIN ST ESCALON, CA  95320-1927","7","3611","259B E ARROW HWY","UPLAND","36","91786","","","",""
"637820","REVPEN ACTIVE","41 | 0","07/01/2022","06/30/2024","DBA: TASTE OF INDIA                        INDIA 2020 GROUP INC                         18555 PISTACHIO DR, STE 101,                         MADERA, CA  93637-9786","6489 N ALISON LN                              FRESNO, CA  93711-4112","","","","21","2000","18555 PISTACHIO DR, STE 101","MADERA","20","93637","6489 N ALISON LN","FRESNO","93711","CA"
"637820","REVPEN ACTIVE","41 | 0","07/01/2022","06/30/2024","DBA: TASTE OF INDIA                        INDIA 2020 GROUP INC                         18555 PISTACHIO DR, STE 101,                         MADERA, CA  93637-9786","6489 N ALISON LN                              FRESNO, CA  93711-4112","","","","21","2000","18555 PISTACHIO DR, STE 101","MADERA","20","93637","6489 N ALISON LN","FRESNO","93711","CA"
"640450","ACTIVE PEND","58 | 1","","","DBA: RUTHS CHRIS STEAK HOUSE                        RCSH OPERATIONS INC                         5919 CANOGA AVE,                         WOODLAND HILLS, CA  91367-5010","1030 W CANTON AVE, STE 100                              WINTER PARK, FL  32789","47-386132","","","5","1933","5919 CANOGA AVE","WOODLAND HILLS","19","91367","1030 W CANTON AVE, STE 100","WINTER PARK","32789","FL"
"640450","ACTIVE PEND","47 | 1","","","DBA: RUTHS CHRIS STEAK HOUSE                        RCSH OPERATIONS INC                         5919 CANOGA AVE,                         WOODLAND HILLS, CA  91367-5010","1030 W CANTON AVE, STE 100                              WINTER PARK, FL  32789","47-386132","","","5","1933","5919 CANOGA AVE","WOODLAND HILLS","19","91367","1030 W CANTON AVE, STE 100","WINTER PARK","32789","FL"
"640450","ISSUED PENDING","47 | 1","","","DBA: RUTHS CHRIS STEAK HOUSE                        RCSH OPERATIONS INC                         5919 CANOGA AVE,                         WOODLAND HILLS, CA  91367-5010","1030 W CANTON AVE, STE 100                              WINTER PARK, FL  32789","386132","","","5","1933","5919 CANOGA AVE","WOODLAND HILLS","19","91367","1030 W CANTON AVE, STE 100","WINTER PARK","32789","FL"
"640450","ISSUED PENDING","58 | 1","","","DBA: RUTHS CHRIS STEAK HOUSE                        RCSH OPERATIONS INC                         5919 CANOGA AVE,                         WOODLAND HILLS, CA  91367-5010","1030 W CANTON AVE, STE 100                              WINTER PARK, FL  32789","386132","","","5","1933","5919 CANOGA AVE","WOODLAND HILLS","19","91367","1030 W CANTON AVE, STE 100","WINTER PARK","32789","FL"
"640913","PEND ACTIVE","41 | 0","09/15/2023","08/31/2024","DA POINT LOUNGE., LLC                         14115 CRENSHAW BLVD, UNIT 4-6,                         HAWTHORNE, CA  90250-7881","25106 PACIFIC CREST ST                              CORONA, CA  92883","","7","","3","1923","14115 CRENSHAW BLVD, UNIT 4-6","HAWTHORNE","19","90250","25106 PACIFIC CREST ST","CORONA","92883","CA"
"641316","PEND ACTIVE","20 | 0","09/18/2023","08/31/2024","DBA: OKIDOKY MARKET                        OKIDOKY MARKET CORPORATION                         1895 FARM BUREAU RD, STE A,                         CONCORD, CA  94519-2353","","","","","22","0703","1895 FARM BUREAU RD, STE A","CONCORD","07","94519","","","",""
"642867","PEND ACTIVE","47 | 0","09/15/2023","08/31/2024","DBA: CRAVING CRAB HAUS LLC                         CRAVING CRAB HAUS LLC                          1201 UNIVERSITY AVE, STE 117,                         RIVERSIDE, CA  92507-4500","25755 HOLLY VISTA BLVD                              SAN BERNARDINO, CA  92404","","5","","7","3312","1201 UNIVERSITY AVE, STE 117","RIVERSIDE","33","92507","25755 HOLLY VISTA BLVD","SAN BERNARDINO","92404","CA"
"642958","ACTIVE CANCEL","21 | 0","02/22/2023","01/31/2024","DBA: RAINBOW MARKET                        HALLAK DYNASTY INC                         4727-4729 FEDERAL BLVD,                         SAN DIEGO, CA  92102-2639","4727 FEDERAL BLVD                              SAN DIEGO, CA  92102","21-582593/ 21-648280","7","","10","3710","4727-4729 FEDERAL BLVD","SAN DIEGO","37","92102","4727 FEDERAL BLVD","SAN DIEGO","92102","CA"
"643115","PEND ACTIVE","47 | 0","09/18/2023","08/31/2024","DBA: FRESNO WEST SHAW CHEBA HUT                        KALI HOSPITALITY INC                         3050 W SHAW AVE , STE 116,                         FRESNO, CA  93711-3218","4384 E ASHLAN AVE, STE 107                              FRESNO, CA  93726","","5","","21","1005","3050 W SHAW AVE , STE 116","FRESNO","10","93711","4384 E ASHLAN AVE, STE 107","FRESNO","93726","CA"
"643131","PEND ACTIVE","40 | 0","09/15/2023","08/31/2024","DBA: VOLT                        VOLT COFFEE LLC                         1123 OLIVE DR,                         DAVIS, CA  95616-4720","","","7","","23","5701","1123 OLIVE DR","DAVIS","57","95616","","","",""
"643398","PEND ACTIVE","77 | 2","09/15/2023","08/31/2024","DBA: MARINA WINE BAR                        MARINA WINES LLC                         194 MARINA DR , STE 101,                         LONG BEACH, CA  90803-4654","1843 N WHITEHORSE LN                              CLOVIS, CA  93619","42-635621","7","","3","1932","194 MARINA DR , STE 101","LONG BEACH","19","90803","1843 N WHITEHORSE LN","CLOVIS","93619","CA"
"643398","PEND ACTIVE","58 | 2","09/15/2023","08/31/2024","DBA: MARINA WINE BAR                        MARINA WINES LLC                         194 MARINA DR , STE 101,                         LONG BEACH, CA  90803-4654","1843 N WHITEHORSE LN                              CLOVIS, CA  93619","42-635621","7","","3","1932","194 MARINA DR , STE 101","LONG BEACH","19","90803","1843 N WHITEHORSE LN","CLOVIS","93619","CA"
"643398","PEND ACTIVE","42 | 2","09/15/2023","08/31/2024","DBA: MARINA WINE BAR                        MARINA WINES LLC                         194 MARINA DR , STE 101,                         LONG BEACH, CA  90803-4654","1843 N WHITEHORSE LN                              CLOVIS, CA  93619","42-635621","7","","3","1932","194 MARINA DR , STE 101","LONG BEACH","19","90803","1843 N WHITEHORSE LN","CLOVIS","93619","CA"
"644296","PEND ACTIVE","48 | 0","09/15/2023","07/31/2024","DBA: LAS MARGARITAS BAR                        VILLALOBOS, FRANCISCO JAVIER                         3336 24TH ST,                         SAN FRANCISCO, CA  94110-3825","811 TREAT AVE, APT # 3                              SAN FRANCISCO, CA  94110-2734","48-427974","7","","24","3800","3336 24TH ST","SAN FRANCISCO","38","94110","811 TREAT AVE, APT # 3","SAN FRANCISCO","94110","CA"
"644549","PEND ACTIVE","41 | 0","09/15/2023","08/31/2024","DBA: TORO VIEJO TAQUERIA                        ALVAREZ GUTIERREZ, EDGAR VLADIMIR                         8610 BRENTWOOD BLVD, STE F,                         BRENTWOOD, CA  94513-5657","","","","","22","0702","8610 BRENTWOOD BLVD, STE F","BRENTWOOD","07","94513","","","",""
"645243","PEND ACTIVE","02 | 0","09/18/2023","06/30/2024","DBA: VAN DYK FAMILY WINES                        VAN DYK FAMILY WINES LLC                         1155 MEE LN,                         SAINT HELENA, CA  94574-9792","420 SABAL PALM LN                              VERO BEACH, FL  32963","","","","27","2800","1155 MEE LN","SAINT HELENA","28","94574","420 SABAL PALM LN","VERO BEACH","32963","FL"
"645365","ACTIVE CANCEL","41 | 0","02/23/2023","01/31/2024","DBA: BARN THE                        B3 BLUE BARN BURGERS INC                         3068 N CABRILLO HWY,                         HALF MOON BAY, CA  94019-1348","1265 37TH AVE                              SAN FRANCISCO, CA  94122-1332","41-553311/ 41-649847","7","","25","4116","3068 N CABRILLO HWY","HALF MOON BAY","41","94019","1265 37TH AVE","SAN FRANCISCO","94122","CA"
"645411","PEND ACTIVE","17 | 0","09/15/2023","08/31/2024","DBA: HARD HONEY                        OF THE GODS                         1123 PRINCETON ST,                         SANTA MONICA, CA  90403-4792","","","7","","3","1953","1123 PRINCETON ST","SANTA MONICA","19","90403","","","",""
"645887","PEND ACTIVE","41 | 0","09/15/2023","08/31/2024","DBA: JAMES RESTAURANT                        JAMES RESTAURANT, INC.                         739 TRUMAN ST,                         SAN FERNANDO, CA  91340-3314","","","","","5","1949","739 TRUMAN ST","SAN FERNANDO","19","91340","","","",""
"646195","PEND ACTIVE","02 | 0","09/18/2023","06/30/2024","DBA: THE LEES CELLAR                        HIATUS LIVING COMPANY LLC                         1972 HOBSON AVE,                         GREENFIELD, CA  93927-9605","650 CATALA WAY                              SAN MIGUEL, CA  93451-9168","","","","26","2700","1972 HOBSON AVE","GREENFIELD","27","93927","650 CATALA WAY","SAN MIGUEL","93451","CA"
"646274","PEND ACTIVE","12 | 1","09/15/2023","03/31/2024","DBA: TERRANOVA SPIRITS                        TERRANOVA SPIRITS LLC                         1155 COMMERCE BLVD,                         AMERICAN CANYON, CA  94503","2125 KINCAID WAY                              SACRAMENTO, CA  95825","18-601203","","","27","2800","1155 COMMERCE BLVD","AMERICAN CANYON","28","94503","2125 KINCAID WAY","SACRAMENTO","95825","CA"
"646274","PEND ACTIVE","18 | 1","09/15/2023","03/31/2024","DBA: TERRANOVA SPIRITS                        TERRANOVA SPIRITS LLC                         1155 COMMERCE BLVD,                         AMERICAN CANYON, CA  94503","2125 KINCAID WAY                              SACRAMENTO, CA  95825","18-601203","","","27","2800","1155 COMMERCE BLVD","AMERICAN CANYON","28","94503","2125 KINCAID WAY","SACRAMENTO","95825","CA"
"646663","PEND ACTIVE","18 | 0","09/18/2023","08/31/2024","DBA: SAUSALITO LIQUOR COMPANY                        SAUSALITO LIQUOR COMPANY, LLC                         655 PARK CT,                         ROHNERT PARK, CA  94928-7940","","","","","27","4907","655 PARK CT","ROHNERT PARK","49","94928","","","",""
"646742","PEND ACTIVE","47 | 0","09/18/2023","08/31/2024","DBA: SHALHOOBS AT THE MARKET                        TIPSY GYPSY LLC                         38 W VICTORIA ST,                         SANTA BARBARA, CA  93101-3165","1482 E VALLEY RD, STE 225                              SANTA BARBARA, CA  93108-1200","47-617693","7","WILLSHIRE ESCROW COMPANY 4270 WILSHIRE BLVD LOS ANGELES, CA  90010-3636","12","4203","38 W VICTORIA ST","SANTA BARBARA","42","93101","1482 E VALLEY RD, STE 225","SANTA BARBARA","93108","CA"
"646742","PEND ACTIVE","47 | 0","09/18/2023","08/31/2024","DBA: SHALHOOBS AT THE MARKET                        TIPSY GYPSY LLC                         38 W VICTORIA ST,                         SANTA BARBARA, CA  93101-3165","1482 E VALLEY RD, STE 225                              SANTA BARBARA, CA  93108-1200","47-617693","7","WILLSHIRE ESCROW COMPANY 4270 WILSHIRE BLVD LOS ANGELES, CA  90010-3636","12","4203","38 W VICTORIA ST","SANTA BARBARA","42","93101","1482 E VALLEY RD, STE 225","SANTA BARBARA","93108","CA"
"646759","PEND ACTIVE","02 | 0","09/15/2023","06/30/2024","DBA: TWO RIVERS SAKE                        TWO RIVERS SAKE, INC                         4311 ATTAWA AVE, STE 104,                         SACRAMENTO, CA  95822-1450","4311 ATTAWA AVE, STE 103                              SACRAMENTO, CA  95822-1450","","7","","23","3405","4311 ATTAWA AVE, STE 104","SACRAMENTO","34","95822","4311 ATTAWA AVE, STE 103","SACRAMENTO","95822","CA"
"646888","PEND ACTIVE","41 | 0","09/15/2023","08/31/2024","DBA: LA CIMA MEXICAN FOOD & CANTINA                        LA CIMA MEXICAN FOOD & CANTINA LLC                         1107 KERN ST, STE 4,                         TAFT, CA  93268","","41-613920","7","TICOR TITLE 10000 STOCKDALE HWY STE 101 BAKERSFIELD, CA  93311","6","1506","1107 KERN ST, STE 4","TAFT","15","93268","","","",""
"646948","PEND ACTIVE","41 | 0","09/15/2023","08/31/2024","DBA: GONZALEZ TACOS & GRILL                        J&G GONZALEZ#2 ENTERPRISE INC.                         3030 E PALMDALE BLVD, UNIT A & B,                         PALMDALE, CA  93550-5020","","41-556484","","ONLY ESCROW 445 WEST PALMDALE BLVD  STE F PALMDALE, CA  93551-4509","5","1974","3030 E PALMDALE BLVD, UNIT A & B","PALMDALE","19","93550","","","",""
"647144","PEND ACTIVE","41 | 0","09/18/2023","08/31/2024","DBA: SUEHIRO DTLA                        SUEHIRO CAFE INC                         400 S MAIN ST,                         LOS ANGELES, CA  90013-1314","","","7","","4","1933","400 S MAIN ST","LOS ANGELES","19","90013","","","",""
"647251","PEND WITHDRAWN","20 | 0","","","DBA: ESCONDIDO AUTO PARK EXPRESS WASH                        KPM ENTERPRISES LLC                         1400 AUTO PARK WAY,                         ESCONDIDO, CA  92029-2130","4625 BRINELL ST                              SAN DIEGO, CA  92111","","","","9","3705","1400 AUTO PARK WAY","ESCONDIDO","37","92029","4625 BRINELL ST","SAN DIEGO","92111","CA"
"647268","PEND ACTIVE","41 | 0","09/18/2023","08/31/2024","DBA: MUGUBOKA RESTAURANT                        MUGUBOKA, INC.                         401 BALBOA ST,                         SAN FRANCISCO, CA  94118-3937","","41-638127","8","","24","3800","401 BALBOA ST","SAN FRANCISCO","38","94118","","","",""
"647324","PEND ACTIVE","20 | 0","09/15/2023","08/31/2024","DBA: PILOT STORE # 1328                        GOLDEN STATE TRAVEL CENTERS LLC                         2325 SIERRA LAKES PKWY,                         RIALTO, CA  92377","5508 LONAS DRIVE                              KNOXVILLE, TN  37909-3221","","","","7","3609","2325 SIERRA LAKES PKWY","RIALTO","36","92377","5508 LONAS DRIVE","KNOXVILLE","37909","TN"
"647360","PEND ACTIVE","02 | 0","09/15/2023","06/30/2024","DBA: NAKAMURA CELLARS                        NAKAMURA CELLARS LLC                         725 A GILMAN ST,                         BERKELEY, CA  94710-1312","118 COACH CT                              RICHMOND, CA  94803","","7","","22","0103","725 A GILMAN ST","BERKELEY","01","94710","118 COACH CT","RICHMOND","94803","CA"
"647464","PEND ACTIVE","12 | 1","09/15/2023","03/31/2024","DBA: TERRANOVA SPIRITS                         TERRANOVA SPIRITS LLC                         2125 KINCADE WAY,                         SACRAMENTO, CA  95825-7819","2125 KINCAID WAY                              SACRAMENTO, CA  95825","18-596187","7","","23","3400","2125 KINCADE WAY","SACRAMENTO","34","95825","2125 KINCAID WAY","SACRAMENTO","95825","CA"
"647464","PEND ACTIVE","18 | 1","09/15/2023","03/31/2024","DBA: TERRANOVA SPIRITS                         TERRANOVA SPIRITS LLC                         2125 KINCADE WAY,                         SACRAMENTO, CA  95825-7819","2125 KINCAID WAY                              SACRAMENTO, CA  95825","18-596187","7","","23","3400","2125 KINCADE WAY","SACRAMENTO","34","95825","2125 KINCAID WAY","SACRAMENTO","95825","CA"
"647501","PEND ACTIVE","21 | 0","09/15/2023","06/30/2024","DBA: QUIK STOP MARKET #551059                        QUIK STOP MARKETS INC                         3401 MIDDLEFIELD RD,                         MENLO PARK, CA  94025-3022","165 FLANDERS RD                              WESTBOROUGH, MA  01581","21-542653","7","ORRICK HERRINGTON & SUTCLIFFE 400 CAPITAL MALL STE 3000 SACRAMENTO, CA  95814","25","4107","3401 MIDDLEFIELD RD","MENLO PARK","41","94025","165 FLANDERS RD","WESTBOROUGH","01581","MA"
"647600","PEND ACTIVE","47 | 0","09/15/2023","08/31/2024","DBA: BAYSHORE CAFE LOUNGE                        2H NB CATERING, LLC                         100 W COAST HWY, UNIT 104,                         NEWPORT BEACH, CA  92663-5603","","47-590995","","HANA ESCROW COMPANY, INC 3580 WILSHIRE BLVD STE 1170 LOS ANGELES, CA  90010","11","3013","100 W COAST HWY, UNIT 104","NEWPORT BEACH","30","92663","","","",""
"647740","PEND ACTIVE","47 | 0","09/18/2023","08/31/2024","DBA: LIFE TIME FITNESS                        LTF CLUB OPERATIONS COMPANY, INC                         1315 BROADWAY PLAZA,                         WALNUT CREEK, CA  94596","2902 CORPORATE PL, ATTN: LICENSING                              CHANHASSEN, MN  55317-4560","47-607334","","ABC ESCROW 2222 DAMON STREET  LOS ANGELES, CA  90021","22","0711","1315 BROADWAY PLAZA","WALNUT CREEK","07","94596","2902 CORPORATE PL, ATTN: LICENSING","CHANHASSEN","55317","MN"
"647740","PEND ACTIVE","47 | 0","09/18/2023","08/31/2024","DBA: LIFE TIME FITNESS                        LTF CLUB OPERATIONS COMPANY, INC                         1315 BROADWAY PLAZA,                         WALNUT CREEK, CA  94596","2902 CORPORATE PL, ATTN: LICENSING                              CHANHASSEN, MN  55317-4560","47-607334","","ABC ESCROW 2222 DAMON STREET  LOS ANGELES, CA  90021","22","0711","1315 BROADWAY PLAZA","WALNUT CREEK","07","94596","2902 CORPORATE PL, ATTN: LICENSING","CHANHASSEN","55317","MN"
"647965","PEND ACTIVE","20 | 0","09/18/2023","08/31/2024","DBA: ERICK SCHAT'S BAKERY                        ERICK SCHAT'S BAKKERIJ                         763 N MAIN ST,                         BISHOP, CA  93514-2427","","20-589091","","","6","1401","763 N MAIN ST","BISHOP","14","93514","","","",""
"648034","PEND ACTIVE","41 | 0","09/18/2023","08/31/2024","DBA: PIZZA HEAVEN                        PIZZA HEAVEN INC                         NWC OF MISSION ST & 8TH AVE,                         CARMEL BY THE SEA, CA  93922","25605 ROW PL                              CARMEL, CA  93923-8324","","","","26","2700","NWC OF MISSION ST & 8TH AVE","CARMEL BY THE SEA","27","93922","25605 ROW PL","CARMEL","93923","CA"
"648278","PEND ACTIVE","58 | 1","09/15/2023","08/31/2024","DBA: POINT SAN PABLO HARBOR                        ARNON OREN, INC.                         1900 STENMARK DR,                         RICHMOND, CA  94801","PO BOX 70098                              RICHMOND, CA  94807","41-592591","7","","22","0709","1900 STENMARK DR","RICHMOND","07","94801","PO BOX 70098","RICHMOND","94807","CA"
"648278","PEND ACTIVE","41 | 1","09/15/2023","08/31/2024","DBA: POINT SAN PABLO HARBOR                        ARNON OREN, INC.                         1900 STENMARK DR,                         RICHMOND, CA  94801","PO BOX 70098                              RICHMOND, CA  94807","41-592591","7","","22","0709","1900 STENMARK DR","RICHMOND","07","94801","PO BOX 70098","RICHMOND","94807","CA"
"648280","PEND ACTIVE","21 | 0","09/15/2023","06/30/2024","DBA: 7 ELEVEN 39178                        7 ELEVEN INC                         4727-4729 FEDERAL BLVD,                         SAN DIEGO, CA  92102-2639","PO BOX 139044, ATTN: LICENSING DEPARTMENT                              DALLAS, TX  75313-9044","21-642958","7","","10","3710","4727-4729 FEDERAL BLVD","SAN DIEGO","37","92102","PO BOX 139044, ATTN: LICENSING DEPARTMENT","DALLAS","75313","TX"
"648363","PEND ACTIVE","02 | 0","09/18/2023","06/30/2024","DBA: FAT DRAGON                        FAT DRAGON LLC                          1200 AMERICAN WAY,                         WINDSOR, CA  95492-7861","4605 DRY CREEK RD                              HEALDSBURG, CA  95448-9195","","7","","27","4909","1200 AMERICAN WAY","WINDSOR","49","95492","4605 DRY CREEK RD","HEALDSBURG","95448","CA"
"648389","PEND ACTIVE","41 | 0","09/15/2023","08/31/2024","DBA: BENGEE SUSHI                         BENGEE KITCHEN INC.                         4110 EDISON AVE , STE 104,                         CHINO, CA  91710-8409","7139 GYPSUM DR                               JURUPA VALLEY, CA  92509-1207","","","","7","3602","4110 EDISON AVE , STE 104","CHINO","36","91710","7139 GYPSUM DR","JURUPA VALLEY","92509","CA"
"648456","PEND ACTIVE","41 | 0","09/15/2023","08/31/2024","DBA: GROVE CAFE AND BAKERY, THE                         CHICKEN FOOT FINE FOODS LLC                         6249 HIGHWAY 9,                         FELTON, CA  95018-9710","170 RAILROAD AVE                              BEN LOMOND, CA  95005-9515","","","","26","4400","6249 HIGHWAY 9","FELTON","44","95018","170 RAILROAD AVE","BEN LOMOND","95005","CA"
"648483","PEND ACTIVE","20 | 0","09/15/2023","08/31/2024","DBA: ELDORADO LIQUOR                         CEDANO ZAMUDIO, JOSE  LUIS                         49647 CESAR CHAVEZ ST,                         COACHELLA, CA  92236-1428","","","","","8","3305","49647 CESAR CHAVEZ ST","COACHELLA","33","92236","","","",""
"648617","PEND ACTIVE","20 | 0","09/15/2023","08/31/2024","DBA: GURU FARMS MARKET                        GURU FARMS                         523 BROADWAY,                         SACRAMENTO, CA  95818-2001","","20-326886","7","OLD REPUBLIC TITLE 200 AUBURN FOLSOM BLVD STE 205 AUBURN, CA  95603","23","3405","523 BROADWAY","SACRAMENTO","34","95818","","","",""
"648764","PEND ACTIVE","12 | 1","09/15/2023","08/31/2024","DBA: PROMISE SPIRITS                        PROMISE SPIRITS, LLC                         2004 SAGE CANYON RD,                         SAINT HELENA, CA  94574-9641","","","7","","27","2800","2004 SAGE CANYON RD","SAINT HELENA","28","94574","","","",""
"648764","PEND ACTIVE","18 | 1","09/15/2023","08/31/2024","DBA: PROMISE SPIRITS                        PROMISE SPIRITS, LLC                         2004 SAGE CANYON RD,                         SAINT HELENA, CA  94574-9641","","","7","","27","2800","2004 SAGE CANYON RD","SAINT HELENA","28","94574","","","",""
"648929","PEND ACTIVE","47 | 0","09/18/2023","08/31/2024","DBA: LITTLE PEAR THE                        PEASANT & THE PEAR, INC. THE                         1699 N CALIFORNIA BLVD,                         WALNUT CREEK, CA  94596-4151","111 W PROSPECT AVE, STE A                              DANVILLE, CA  94526","47-417894","7","CALIFORNIA BUSINESS ESCROW INC 1748 MAIN ST ESCALON, CA  95320-1927","22","0711","1699 N CALIFORNIA BLVD","WALNUT CREEK","07","94596","111 W PROSPECT AVE, STE A","DANVILLE","94526","CA"
"648931","PEND ACTIVE","41 | 0","09/18/2023","11/30/2023","DBA: ANA ROSA'S RESTAURANT                        ANA ROSA'S MEXICAN RESTAURANT LLC                         2089 E 14TH ST, STE C,                         SAN LEANDRO, CA  94577-5074","","41-558528","7,8","","22","0112","2089 E 14TH ST, STE C","SAN LEANDRO","01","94577","","","",""
"649003","PEND ACTIVE","47 | 0","09/18/2023","08/31/2024","DBA: JOYCE                        OLIVIA SOUL & SEA LLC                          770 S GRAND AVE, STE A,                         LOS ANGELES, CA  90017-3927","","47-606469","7","CALIFORNIA BUSINESS ESCROW INC 1748 MAIN ST ESCALON, CA  95320-1927","4","1933","770 S GRAND AVE, STE A","LOS ANGELES","19","90017","","","",""
"649067","PEND ACTIVE","41 | 0","09/15/2023","08/31/2024","DBA: BOLT BREWERY                        PROST LLC                         2547 SAN DIEGO AVE,                         SAN DIEGO, CA  92110-2841","11038 QUAIL CANYON RD                              EL CAJON, CA  92021","","7","","10","3710","2547 SAN DIEGO AVE","SAN DIEGO","37","92110","11038 QUAIL CANYON RD","EL CAJON","92021","CA"
"649165","PEND ACTIVE","41 | 0","09/15/2023","08/31/2024","DBA: LOUISIANA CHARLES                        LOUISIANA CHARLIE'S SAN DIEGO LLC                         849 W HARBOR DR, STE W11-B,                         SAN DIEGO, CA  92101-5809","","","7","","10","3710","849 W HARBOR DR, STE W11-B","SAN DIEGO","37","92101","","","",""
"649188","PEND ACTIVE","09 | 1","09/15/2023","06/30/2024","DBA: SCOUT & CELLAR                        WINE RETRIEVER LLC                         520 AIRPARK RD,                         NAPA, CA  94558-7535","4531 SIMONTON RD                              FARMERS BRANCH, TX  75244","02-600314","7","","27","2800","520 AIRPARK RD","NAPA","28","94558","4531 SIMONTON RD","FARMERS BRANCH","75244","TX"
"649188","PEND ACTIVE","02 | 1","09/15/2023","06/30/2024","DBA: SCOUT & CELLAR                        WINE RETRIEVER LLC                         520 AIRPARK RD,                         NAPA, CA  94558-7535","4531 SIMONTON RD                              FARMERS BRANCH, TX  75244","02-600314","7","","27","2800","520 AIRPARK RD","NAPA","28","94558","4531 SIMONTON RD","FARMERS BRANCH","75244","TX"
"649224","PEND ACTIVE","09 | 1","09/15/2023","06/30/2024","DBA: ALTBIER OPERATIONS LLC                        ALTBIER OPERATIONS LLC                         520 AIRPARK RD,                         NAPA, CA  94558-7535","4531 SIMONTON RD                              FARMERS BRANCH, TX  75244","02-611441","","","27","2800","520 AIRPARK RD","NAPA","28","94558","4531 SIMONTON RD","FARMERS BRANCH","75244","TX"
"649224","PEND ACTIVE","02 | 1","09/15/2023","06/30/2024","DBA: ALTBIER OPERATIONS LLC                        ALTBIER OPERATIONS LLC                         520 AIRPARK RD,                         NAPA, CA  94558-7535","4531 SIMONTON RD                              FARMERS BRANCH, TX  75244","02-611441","","","27","2800","520 AIRPARK RD","NAPA","28","94558","4531 SIMONTON RD","FARMERS BRANCH","75244","TX"
"649281","PEND ACTIVE","41 | 0","09/15/2023","08/31/2024","DBA: THAI FIRE                        TF LLC                         2404 E MAIN ST,                         VENTURA, CA  93003-2604","5625 WILLOW VIEW DR                              CAMARILLO, CA  93012","41-584726","7","SECURED TRUST ESCROW INC 21111 VICTOR ST TORRANCE, CA  90503","12","5606","2404 E MAIN ST","VENTURA","56","93003","5625 WILLOW VIEW DR","CAMARILLO","93012","CA"
"649315","PEND ACTIVE","21 | 0","09/15/2023","08/31/2024","DBA: CAMBRIA GENERAL STORE                        CAMBRIA GENERAL STORE, INC.                         850 MAIN ST,                         CAMBRIA, CA  93428","380 SHASTA AVE                              MORRO BAY, CA  93442-2736","21-415524","","ROBERT C TAYLER JR 951 BLANCO CIR STE A SALINAS, CA  93901","13","4000","850 MAIN ST","CAMBRIA","40","93428","380 SHASTA AVE","MORRO BAY","93442","CA"
"649414","PEND ACTIVE","20 | 0","09/15/2023","08/31/2024","DBA: EL RINCONSITO MARKET                        EL RINCONSITO MARKET LLC                         1656 FIR AVE STE A&B,                         SOLVANG, CA  93463","380 DANIA AVE                              BUELLTON, CA  93427","","7","","13","4206","1656 FIR AVE STE A&B","SOLVANG","42","93463","380 DANIA AVE","BUELLTON","93427","CA"
"649423","PEND ACTIVE","90 | 1","09/18/2023","08/31/2024","DBA: FREMONT THEATER                        HISTORIC FREMONT THEATER INC.                         1035 MONTEREY ST,                         SAN LUIS OBISPO, CA  93401-3206","285 BRIDGE ST                              SAN LUIS OBISPO, CA  93401-5510","","","","13","4004","1035 MONTEREY ST","SAN LUIS OBISPO","40","93401","285 BRIDGE ST","SAN LUIS OBISPO","93401","CA"
"649423","PEND ACTIVE","68 | 1","09/18/2023","08/31/2024","DBA: FREMONT THEATER                        HISTORIC FREMONT THEATER INC.                         1035 MONTEREY ST,                         SAN LUIS OBISPO, CA  93401-3206","285 BRIDGE ST                              SAN LUIS OBISPO, CA  93401-5510","","","","13","4004","1035 MONTEREY ST","SAN LUIS OBISPO","40","93401","285 BRIDGE ST","SAN LUIS OBISPO","93401","CA"
"649448","PEND ACTIVE","41 | 0","09/18/2023","08/31/2024","DBA: NORMAS ITALIAN KITCHEN                         CRG3 LLC                         42410 BOB HOPE DR #5,                         RANCHO MIRAGE, CA  92270","","41-607626","","ESCROW CONNECTION THE 1111 E TAHQUITZ CANYON WAY #101 PALM SPRINGS, CA  92262","8","3317","42410 BOB HOPE DR #5","RANCHO MIRAGE","33","92270","","","",""
"649615","PEND ACTIVE","41 | 0","09/15/2023","08/31/2024","DBA: SHAKE SHACK #1359                        SHAKE SHACK CALIFORNIA LLC                         9341 CULVER BLVD,                         CULVER CITY, CA  90232-2614","225 VARICK ST, STE 301                              NEW YORK, NY  10014-5816","","7","","4","1914","9341 CULVER BLVD","CULVER CITY","19","90232","225 VARICK ST, STE 301","NEW YORK","10014","NY"
"649663","PEND ACTIVE","02 | 0","09/18/2023","06/30/2024","DBA: ACTA WINE                        ACTA WINE, LLC                         28700 ARNOLD DR,                         SONOMA, CA  95476-9700","7505 HWY 128                              HEALDSBURG, CA  95448","","","","27","4900","28700 ARNOLD DR","SONOMA","49","95476","7505 HWY 128","HEALDSBURG","95448","CA"
"649702","PEND ACTIVE","48 | 0","09/15/2023","08/31/2024","DBA: MOE'S TAVERN                        MOES LLC                         27935 MANON AVE,                         HAYWARD, CA  94544","1366 14TH AVE                              SAN FRANCISCO, CA  94122","48-429455","7","REDWOOD ESCROW SERVICES 19131 REDWOOD RD CASTRO VALLEY, CA  94549","22","0106","27935 MANON AVE","HAYWARD","01","94544","1366 14TH AVE","SAN FRANCISCO","94122","CA"
"649715","PEND ACTIVE","02 | 0","09/18/2023","06/30/2024","DBA: ACTA WINE                        ACTA WINE, LLC                         7505 HIGHWAY 128,                         HEALDSBURG, CA  95448-8020","","","","","27","4902","7505 HIGHWAY 128","HEALDSBURG","49","95448","","","",""
"649723","PEND ACTIVE","47 | 0","09/15/2023","08/31/2024","DBA: FIG TREE CAFE & HARRY'S TACO CLUB                        92101 HOSPITALITY LLC                         695 6TH AVE,                         SAN DIEGO, CA  92101-7011","PO BOX 33363                               SAN DIEGO, CA  92163-3363","47-620192","2,7","","10","3710","695 6TH AVE","SAN DIEGO","37","92101","PO BOX 33363","SAN DIEGO","92163","CA"
"649736","PEND ACTIVE","12 | 1","09/15/2023","08/31/2024","OLAVIDA INC.                         398 ORPHEUS AVE,                         ENCINITAS, CA  92024-2605","533 2ND ST, #340                              ENCINITAS, CA  92024","","7","","9","3718","398 ORPHEUS AVE","ENCINITAS","37","92024","533 2ND ST, #340","ENCINITAS","92024","CA"
"649736","PEND ACTIVE","18 | 1","09/15/2023","08/31/2024","OLAVIDA INC.                         398 ORPHEUS AVE,                         ENCINITAS, CA  92024-2605","533 2ND ST, #340                              ENCINITAS, CA  92024","","7","","9","3718","398 ORPHEUS AVE","ENCINITAS","37","92024","533 2ND ST, #340","ENCINITAS","92024","CA"
"649788","PEND ACTIVE","47 | 0","09/15/2023","08/31/2024","DBA: MORGAN RUN RESORT AND CLUB                        MR OPCO LLC                         5690 CANCHA DE GOLF,                         RANCHO SANTA FE, CA  92091","2235 BROADWAY                              BOULDER, CO  80302","47-352142","","CALIFORNIA BUSINESS ESCROW INC 1748 MAIN ST ESCALON, CA  95320-1927","9","3700","5690 CANCHA DE GOLF","RANCHO SANTA FE","37","92091","2235 BROADWAY","BOULDER","80302","CO"
"649788","PEND ACTIVE","47 | 0","09/15/2023","08/31/2024","DBA: MORGAN RUN RESORT AND CLUB                        MR OPCO LLC                         5690 CANCHA DE GOLF,                         RANCHO SANTA FE, CA  92091","2235 BROADWAY                              BOULDER, CO  80302","47-352142","","CALIFORNIA BUSINESS ESCROW INC 1748 MAIN ST ESCALON, CA  95320-1927","9","3700","5690 CANCHA DE GOLF","RANCHO SANTA FE","37","92091","2235 BROADWAY","BOULDER","80302","CO"
"649808","PEND ACTIVE","20 | 0","09/18/2023","08/31/2024","DBA: GLORY HOLE STATION                        RASMUSSON LAND CO. LLC                         2892 S HWY 49, SPC 1,                         ANGELS CAMP, CA  95222","PO BOX 1558                              SAN ANDREAS, CA  95249","20-612777","","ABC ESCROW COMPANY 2222 DAMON STREET LOS ANGELES, CA  90021","29","0500","2892 S HWY 49, SPC 1","ANGELS CAMP","05","95222","PO BOX 1558","SAN ANDREAS","95249","CA"
"649847","PEND ACTIVE","41 | 0","09/15/2023","08/31/2024","DBA: BARN THE                        2H SQUARED                         3068 N CABRILLO HWY,                         HALF MOON BAY, CA  94019-1348","","41-645365","7","GREEN ESCROW SERVICES INC 2010 CROW CANYON PL STE 212 SAN RAMON, CA  94583","25","4116","3068 N CABRILLO HWY","HALF MOON BAY","41","94019","","","",""
"649859","PEND ACTIVE","02 | 0","09/15/2023","06/30/2024","DBA: COUNTRY ROADS WINE CELLARS                        COUNTRY ROADS WINE CELLARS LLC                         35265 WILLOW AVE., STE 206,                         CLARKSBURG, CA  95612","1470 TANGLEWOOD DR                              PLACERVILLE, CA  95667-8931","","7","","23","5700","35265 WILLOW AVE., STE 206","CLARKSBURG","57","95612","1470 TANGLEWOOD DR","PLACERVILLE","95667","CA"
"649884","PEND ACTIVE","41 | 0","09/15/2023","08/31/2024","DBA: PHO THIS WAY                        PHO THIS WAY INC                         979 STORY RD, STE 7048,                         SAN JOSE, CA  95122-4617","2953 PLUMSTEAD WAY                              SAN JOSE, CA  95148","41-611762","","OLD REPUBLIC TITLE 1000 BURNETT AVE STE 400 CONCORD, CA  94520-2088","25","4313","979 STORY RD, STE 7048","SAN JOSE","43","95122","2953 PLUMSTEAD WAY","SAN JOSE","95148","CA"
"649982","PEND ACTIVE","41 | 0","09/15/2023","08/31/2024","DBA: CHUCK E CHEESE'S                        CEC ENTERTAINMENT, LLC                         803 DANENBERG DR,                         EL CENTRO, CA  92243-5806","1707 MARKET PLACE BLVD, STE 200                              C/O LICENSING DEPT , IRVING, TX  75063-8049","41-423657","","","8","1304","803 DANENBERG DR","EL CENTRO","13","92243","1707 MARKET PLACE BLVD, STE 200","IRVING","75063","TX"
"649984","PEND ACTIVE","41 | 0","09/15/2023","08/31/2024","DBA: YANTRA KITCHEN                        TC JOINT VENTURE CORPORATION                         18511 PIONEER BLVD,                         ARTESIA, CA  90701-5536","7754 EAST PORTICO TERRACE                              ORANGE, CA  90701","","7","","3","1964","18511 PIONEER BLVD","ARTESIA","19","90701","7754 EAST PORTICO TERRACE","ORANGE","90701","CA"
"649985","PEND ACTIVE","41 | 0","09/18/2023","08/31/2024","DBA: MARYS PIZZA SHACK NAPA                        CJA RESTAURANT INC.                         3085 JEFFERSON ST,                         NAPA, CA  94558-4921","","","","","27","2802","3085 JEFFERSON ST","NAPA","28","94558","","","",""
"649989","PEND ACTIVE","85 | 0","09/15/2023","08/31/2024","DBA: GARYS WINE & MARKETPLACE                        GARY'S WINE & MARKETPLACE LLC                         1324 ELMHURST AVE,                         SAINT HELENA, CA  94574-1715","1308 ROUTE 23                              WAYNE, NJ  07470","","7","","27","2803","1324 ELMHURST AVE","SAINT HELENA","28","94574","1308 ROUTE 23","WAYNE","07470","NJ"
"650004","PEND ACTIVE","02 | 0","09/18/2023","06/30/2024","ASPIRE ESTATE LLC                         2820 SAINT HELENA HWY N,                         SAINT HELENA, CA  94574-9655","83 ILSA BAHIA DR                              FORT LAUDERDALE, FL  33316","","","","27","2800","2820 SAINT HELENA HWY N","SAINT HELENA","28","94574","83 ILSA BAHIA DR","FORT LAUDERDALE","33316","FL"
"650016","PEND ACTIVE","20 | 0","09/15/2023","08/31/2024","DBA: UNICO OIL                        TIDAL ENERGY INC                         4072 VERDUGO RD,                         LOS ANGELES, CA  90065-3727","5677 ORION PL                              RANCHO CUCAMONGA, CA  91739","20-592570","","ACE ESCROW INC 6871 BEACH BLVD BUENA PARK, CA  90621","4","1933","4072 VERDUGO RD","LOS ANGELES","19","90065","5677 ORION PL","RANCHO CUCAMONGA","91739","CA"
"650184","PEND ACTIVE","20 | 0","09/18/2023","08/31/2024","DBA: MOUNTAIN MARKET                        ELEVATE INVESTMENTS INC                         298 MAIN ST,                         WEED, CA  96094-2526","560 HAWKCREST CIR                              SACRAMENTO, CA  95835","20-639088","7","OLD REPUBLIC TITLE 1000 BURNETT AVE STE 400 CONCORD, CA  94520-2088","31","4709","298 MAIN ST","WEED","47","96094","560 HAWKCREST CIR","SACRAMENTO","95835","CA"
"650196","PEND ACTIVE","42 | 0","09/15/2023","08/31/2024","DBA: BEACHCOMBER TAVERN                        CALIFORNIA PUB VENTURES LLC                         206 OCEAN DR,                         OXNARD, CA  93035-4634","3325 ROCKHAMPTON DR                              CAMARILLO, CA  93012","42-559118","7","CHICAGO TITLE COMPANY 475 W CHANNEL ISLANDS BLVD STE 108 PORT HUENEME, CA  93041","12","5600","206 OCEAN DR","OXNARD","56","93035","3325 ROCKHAMPTON DR","CAMARILLO","93012","CA"
"650219","PEND ACTIVE","20 | 0","09/15/2023","08/31/2024","DBA: AZUSA MARKET                        SAI KRIPA USA INC                         458 N VIRGINIA AVE,                         AZUSA, CA  91702-3338","","20-570904","7","MOSAIC ESCROW INC 451 W BONITA AVE SUITE 1 SAN DIMAS, CA  91773","2","1904","458 N VIRGINIA AVE","AZUSA","19","91702","","","",""
"650280","PEND WITHDRAWN","41 | 0","","","DBA: HONG KONG CHEF                        LING NAM GROUP, INC.                          46356 WARM SPRINGS BLVD, UNIT 848,                         FREMONT, CA  94539-7021","","","","","22","0105","46356 WARM SPRINGS BLVD, UNIT 848","FREMONT","01","94539","","","",""
"650281","PEND ACTIVE","47 | 0","09/15/2023","02/29/2024","DBA: HANNA'S GOURMET                        HANNA'S GOURMET LLC                         2864 ADAMS AVE,                         SAN DIEGO, CA  92116-1407","","47-574029","7,8","","10","3710","2864 ADAMS AVE","SAN DIEGO","37","92116","","","",""
"650336","PEND ACTIVE","41 | 0","09/15/2023","08/31/2024","DBA: DINO RESTAURANT                        DINO #8 INC                          82231 INDIO BLVD,                         INDIO, CA  92201-3129","82253 INDIO BLVD                              INDIO, CA  92201-3129","","","","8","3309","82231 INDIO BLVD","INDIO","33","92201","82253 INDIO BLVD","INDIO","92201","CA"
"650355","PEND ACTIVE","41 | 0","09/18/2023","08/31/2024","DBA: MAPLE BLOCK                        HARDWOOD RESTAURANT HOLDINGS LLC                         324 S HILL ST,                         LOS ANGELES, CA  90013-1109","3973 SEPULVEDA BLVD                              CULVER CITY, CA  90230-4707","41-536510","7","","4","1933","324 S HILL ST","LOS ANGELES","19","90013","3973 SEPULVEDA BLVD","CULVER CITY","90230","CA"
"650377","PEND ACTIVE","47 | 0","09/15/2023","08/31/2024","DBA: GREEN CHILE CANTINA                        ESQUEDA FOODS INC                         23641 VIA LINDA,                         MISSION VIEJO, CA  92691-2807","1510 ELMSFORD AVE                              LA HABRA, CA  90631-6420","47-503571","","OLD REPUBLIC TITLE COMPANY 1000 BURNETT AVE STE 400 CONCORD, CA  94520-2088","11","3027","23641 VIA LINDA","MISSION VIEJO","30","92691","1510 ELMSFORD AVE","LA HABRA","90631","CA"
"650391","PEND ACTIVE","47 | 0","09/15/2023","08/31/2024","DBA: MARIACHI'S MEXICAN RESTAURANT                        DELGADO MENDOZA, MARIA Y                         2669 GEER RD,                         TURLOCK, CA  95382-1100","","47-578873","7","INNOVATIVE ESCROW, INC 28212 KELLY JOHNSON PKWY STE 110 VALENCIA, CA  91355","29","5007","2669 GEER RD","TURLOCK","50","95382","","","",""
"650392","PEND ACTIVE","41 | 0","09/15/2023","08/31/2024","DBA: KERMAN COUNTRY CAFE                        KERMAN COUNTRY CAFE LLC                         651 S MADERA AVE,                         KERMAN, CA  93630-1736","","","7","","21","1007","651 S MADERA AVE","KERMAN","10","93630","","","",""
"650434","PEND ACTIVE","41 | 0","09/15/2023","08/31/2024","NUNG, KUEI HUI                         715 JACKSON ST,                         FAIRFIELD, CA  94533","","41-204260","","","22","4803","715 JACKSON ST","FAIRFIELD","48","94533","","","",""
"650465","PEND ACTIVE","47 | 0","09/18/2023","08/31/2024","DBA: CAVE THE                        FRATELLI ENTERTAINMENT LLC                         266 14TH ST,                         OAKLAND, CA  94612-4011","","47-534955","7","BAY AREA ESCROW 2817 CROW CANYON RD STE 102 SAN RAMON, CA  94583","22","0109","266 14TH ST","OAKLAND","01","94612","","","",""
"650480","PEND ACTIVE","41 | 0","09/15/2023","08/31/2024","DBA: CHUCK E. CHEESE'S                         CEC ENTERTAINMENT, LLC                         5250 PHILADELPHIA ST, STE G, H, K & L,                         CHINO, CA  91710-2483","1707 MARKET PLACE BLVD, STE 200                              C/O LICENSING DEPT , IRVING, TX  75063-8049","41-220457","7","","7","3602","5250 PHILADELPHIA ST, STE G, H, K & L","CHINO","36","91710","1707 MARKET PLACE BLVD, STE 200","IRVING","75063","TX"
"650493","PEND ACTIVE","41 | 0","09/18/2023","08/31/2024","DBA: BROTHER BBQ                        BROTHER BBQ INC                         18888 LABIN CT, STE C105,                         ROWLAND HEIGHTS, CA  91748-2290","17800 CASTLETON ST , STE 568                              CITY OF INDUSTRY, CA  91748-6747","","","","2","1900","18888 LABIN CT, STE C105","ROWLAND HEIGHTS","19","91748","17800 CASTLETON ST , STE 568","CITY OF INDUSTRY","91748","CA"
"650541","PEND ACTIVE","41 | 0","09/18/2023","08/31/2024","DBA: RESTAURANTE Y PUPUSERIA MORENITA #1                        URIAS, JOSUE IZMAEL                         2030 7TH ST, STE A,                         MENDOTA, CA  93640-2542","","41-467470","","","21","1009","2030 7TH ST, STE A","MENDOTA","10","93640","","","",""
"650553","PEND ACTIVE","17 | 0","09/15/2023","08/31/2024","FIRST MIRACLE, LLC THE                         720 TANGLEWOOD RD,                         EUREKA, CA  95503","720 TANGLEWOOD RD                              EUREKA, CA  95503","","7","","28","1200","720 TANGLEWOOD RD","EUREKA","12","95503","720 TANGLEWOOD RD","EUREKA","95503","CA"
"650553","PEND ACTIVE","20 | 0","09/15/2023","08/31/2024","FIRST MIRACLE, LLC THE                         720 TANGLEWOOD RD,                         EUREKA, CA  95503","720 TANGLEWOOD RD                              EUREKA, CA  95503","","7,I","","28","1200","720 TANGLEWOOD RD","EUREKA","12","95503","720 TANGLEWOOD RD","EUREKA","95503","CA"
"650621","PEND ACTIVE","85 | 0","09/15/2023","08/31/2024","RENARD CREEK LLC                         4381 OLD RIVER RD,                         UKIAH, CA  95482-9625","","","","","27","2300","4381 OLD RIVER RD","UKIAH","23","95482","","","",""
"650703","PEND ACTIVE","41 | 0","09/18/2023","08/31/2024","BIG WHEELS RESORT LLC                         7355 BLACK BUTTE RD, #2,                         SHINGLETOWN, CA  96088","","","","","31","4500","7355 BLACK BUTTE RD, #2","SHINGLETOWN","45","96088","","","",""
"650742","PEND ACTIVE","41 | 0","09/15/2023","08/31/2024","DBA: KAKUSHI IZAKAYA                        H & Z INVESTMENT LLC                         39261 CEDAR BLVD,                         NEWARK, CA  94560","","","","","22","0108","39261 CEDAR BLVD","NEWARK","01","94560","","","",""
"650789","PEND ACTIVE","17 | 0","09/18/2023","08/31/2024","PROVISIONAL VINEYARDS, LLC                         1013 VIA PALO LINDA,                         FAIRFIELD, CA  94534","","","7","","22","4803","1013 VIA PALO LINDA","FAIRFIELD","48","94534","","","",""
"650789","PEND ACTIVE","20 | 0","09/18/2023","08/31/2024","PROVISIONAL VINEYARDS, LLC                         1013 VIA PALO LINDA,                         FAIRFIELD, CA  94534","","","7,I","","22","4803","1013 VIA PALO LINDA","FAIRFIELD","48","94534","","","",""
"650795","PEND ACTIVE","41 | 0","09/18/2023","08/31/2024","DBA: HENGZHOU CHILIKING                        HENGZHOU CHILIKING INC.                         500 E VALLEY BLVD, STE A & B,                         SAN GABRIEL, CA  91776","22773 LAKEWAY DR, UNIT 442                              DIAMOND BAR, CA  91765-4429","","","","2","1950","500 E VALLEY BLVD, STE A & B","SAN GABRIEL","19","91776","22773 LAKEWAY DR, UNIT 442","DIAMOND BAR","91765","CA"
"651198","PEND ACTIVE","82 | 0","09/15/2023","08/31/2024","DBA: BALSALL CREEK                        BALSALL CREEK, LLC                         2803 NE ORCHARD AVE,                         MCMINNVILLE, OR  97128-9378","18430 NE CALKINS LN                              NEWBERG, OR  97132","","","","75","9999","2803 NE ORCHARD AVE","MCMINNVILLE","","97128","18430 NE CALKINS LN","NEWBERG","97132","OR"
"651597","PEND ACTIVE","20 | 0","09/18/2023","06/30/2024","DBA: LAS VIRGENES SINCLAIR                        K L A Y INC                         4919 LAS VIRGENES RD,                         CALABASAS, CA  91302","","20-541711","","","5","1987","4919 LAS VIRGENES RD","CALABASAS","19","91302","","","",""
"651725","PEND ACTIVE","28 | 0","09/15/2023","06/30/2024","FAT BABY LLC                         54 HUDSON STREET,                         SLEEPY HOLLOW, NY  10591","","","","","75","9999","54 HUDSON STREET","SLEEPY HOLLOW","","10591","","","",""
"651744","PEND ACTIVE","28 | 0","09/15/2023","06/30/2024","MACCHU PISCO LLC                         7709 GRANADA DR,                         BETHESDA, MD  20817","","","","","75","9999","7709 GRANADA DR","BETHESDA","","20817","","","",""
"651858","PEND WITHDRAWN","47 | 0","","","BELL, KENNETH ROBERT                         ,","PO BOX 1194                              PLACERVILLE, CA  95667","","","","23","","","","","","PO BOX 1194","PLACERVILLE","95667","CA"
"651877","PEND WITHDRAWN","21 | 0","","","SANDHU, GURVIR  SINGH                          ,","1051 LA PALOMA ST                               TURLOCK, CA  95382","","","","29","","","","","","1051 LA PALOMA ST","TURLOCK","95382","CA"
"651898","PEND WITHDRAWN","21 | 0","","","SANGHA, SANDEEP KAUR                         ,","3195 RIVER BANK CT                              ROSEVILLE, CA  95747","","","","23","","","","","","3195 RIVER BANK CT","ROSEVILLE","95747","CA"
"651912","PEND WITHDRAWN","47 | 0","","","PHO BISTRO LLC                         ,","4805 LAGUNA BLVD, STE 101                              ELK GROVE, CA  95758-7038","","","","23","","","","","","4805 LAGUNA BLVD, STE 101","ELK GROVE","95758","CA"